No. overall,No. in season,Title,Directed by,Prod. code,U.S. viewers (millions),Season,Release_Date,Writer_1,Writer_2
1,1,"""Pilot"" ""The One Where Monica Gets a Roommate""",James Burrows,475085,21.5,1,1994-09-22,Marta Kauffman,David Crane
2,2,"""The One with the Sonogram at the End""",James Burrows,456652,20.2,1,1994-09-29,Marta Kauffman,David Crane
3,3,"""The One with the Thumb""",James Burrows,456651,19.5,1,1994-10-06,Jeffrey Astrof,Mike Sikowitz
4,4,"""The One with George Stephanopoulos""",James Burrows,456654,19.7,1,1994-10-13,Alexa Junge,
5,5,"""The One with the East German Laundry Detergent""",Pamela Fryman,456653,18.6,1,1994-10-20,Jeff Greenstein,Jeff Strauss
6,6,"""The One with the Butt""",Arlene Sanford,456655,18.2,1,1994-10-27,Adam Chase,Ira Ungerleider
7,7,"""The One with the Blackout""",James Burrows,456656,23.5,1,1994-11-03,Jeffrey Astrof,Mike Sikowitz
8,8,"""The One Where Nana Dies Twice""",James Burrows,456657,21.1,1,1994-11-10,Marta Kauffman,David Crane
9,9,"""The One Where Underdog Gets Away""",James Burrows,456659,23.1,1,1994-11-17,Jeff Greenstein,Jeff Strauss
10,10,"""The One with the Monkey""",Peter Bonerz,456661,19.9,1,1994-12-15,Adam Chase,Ira Ungerleider
11,11,"""The One with Mrs. Bing""",James Burrows,456660,26.6,1,1995-01-05,Alexa Junge,
12,12,"""The One with The Dozen Lasagnas""",Paul Lazarus,456658,24.0,1,1995-01-12,Jeffrey Astrof,Mike Sikowitz
13,13,"""The One with the Boobies""",Alan Myerson,456664,25.8,1,1995-01-19,Alexa Junge,
14,14,"""The One with the Candy Hearts""",James Burrows,456667,23.8,1,1995-02-09,Bill Lawrence,
15,15,"""The One with the Stoned Guy""",Alan Myerson,456663,24.8,1,1995-02-16,Jeff Greenstein,Jeff Strauss
16,16,"""The One with Two Parts""",Michael Lembeck,456665,26.1,1,1995-02-23,Marta Kauffman,David Crane
17,17,"""The One with Two Parts""",Michael Lembeck,456666,26.1,1,1995-02-23,Marta Kauffman,David Crane
18,18,"""The One with All the Poker""",James Burrows,456662,30.4,1,1995-03-02,Jeffrey Astrof,Mike Sikowitz
19,19,"""The One Where the Monkey Gets Away""",Peter Bonerz,456668,29.4,1,1995-03-09,Jeffrey Astrof,Mike Sikowitz
20,20,"""The One with the Evil Orthodontist""",Peter Bonerz,456669,30.0,1,1995-04-06,Doty Abrams,
21,21,"""The One with the Fake Monica""",Gail Mancuso,456671,28.4,1,1995-04-27,Adam Chase,Ira Ungerleider
22,22,"""The One with the Ick Factor""",Robby Benson,456670,29.9,1,1995-05-04,Alexa Junge,
23,23,"""The One with the Birth""",James Burrows,456672,28.7,1,1995-05-11,David Crane,Marta Kauffman
24,24,"""The One Where Rachel Finds Out""",Kevin S. Bright,456673,31.3,1,1995-05-18,Chris Brown,
25,1,"""The One with Ross's New Girlfriend""",Michael Lembeck,457301,32.1,2,1995-09-21,Jeffrey Astrof,Mike Sikowitz
26,2,"""The One with the Breast Milk""",Michael Lembeck,457302,29.8,2,1995-09-28,Adam Chase,Ira Ungerleider
27,3,"""The One Where Heckles Dies""",Kevin S. Bright,457303,30.2,2,1995-10-05,Michael Curtis,Gregory S. Malins
28,4,"""The One with Phoebe's Husband""",Gail Mancuso,457305,28.1,2,1995-10-12,Alexa Junge,
29,5,"""The One with Five Steaks and an Eggplant""",Ellen Gittelsohn,457304,28.3,2,1995-10-19,Chris Brown,
30,6,"""The One with the Baby on the Bus""",Gail Mancuso,457306,30.2,2,1995-11-02,Betsy Borns,
31,7,"""The One Where Ross Finds Out""",Peter Bonerz,457307,30.5,2,1995-11-09,Michael Borkow,
32,8,"""The One with the List""",Mary Kay Place,457308,32.9,2,1995-11-16,David Crane,Marta Kauffman
33,9,"""The One with Phoebe's Dad""",Kevin S. Bright,457309,27.8,2,1995-12-14,Jeffrey Astrof,Mike Sikowitz
34,10,"""The One with Russ""",Thomas Schlamme,457311,32.2,2,1996-01-04,Ira Ungerleider,
35,11,"""The One with the Lesbian Wedding""",Thomas Schlamme,457312,31.6,2,1996-01-18,Doty Abrams,
36,12,"""The One After the Superbowl""",Michael Lembeck,457313,52.9,2,1996-01-28,Jeffrey Astrof,Mike Sikowitz
37,13,"""The One After the Superbowl""",Michael Lembeck,457314,52.9,2,1996-01-28,Michael Borkow,
38,14,"""The One with the Prom Video""",James Burrows,457310,33.6,2,1996-02-01,Alexa Junge,
39,15,"""The One Where Ross and Rachel...You Know""",Michael Lembeck,457315,32.9,2,1996-02-08,Michael Curtis,Gregory S. Malins
40,16,"""The One Where Joey Moves Out""",Michael Lembeck,457316,31.1,2,1996-02-15,Betsy Borns,
41,17,"""The One Where Eddie Moves In""",Michael Lembeck,457317,30.2,2,1996-02-22,Adam Chase,
42,18,"""The One Where Dr. Ramoray Dies""",Michael Lembeck,457318,30.1,2,1996-03-21,Alexa Junge,
43,19,"""The One Where Eddie Won't Go""",Michael Lembeck,457319,31.2,2,1996-03-28,Michael Curtis,Gregory S. Malins
44,20,"""The One Where Old Yeller Dies""",Michael Lembeck,457320,27.4,2,1996-04-04,Michael Curtis,Gregory S. Malins
45,21,"""The One with the Bullies""",Michael Lembeck,457321,24.7,2,1996-04-25,Brian Buckner,Sebastian Jones
46,22,"""The One with the Two Parties""",Michael Lembeck,457322,25.5,2,1996-05-02,Alexa Junge,
47,23,"""The One with the Chicken Pox""",Michael Lembeck,457324,26.1,2,1996-05-09,Brown Mandell,
48,24,"""The One with Barry and Mindy's Wedding""",Michael Lembeck,457323,29.0,2,1996-05-16,Ira Ungerleider,
49,1,"""The One with the Princess Leia Fantasy""",Gail Mancuso,465251,26.76,3,1996-09-19,Michael Curtis,Gregory S. Malins
50,2,"""The One Where No One's Ready""",Gail Mancuso,465252,26.73,3,1996-09-26,Ira Ungerleider,
51,3,"""The One with the Jam""",Kevin S. Bright,465253,25.23,3,1996-10-03,Wil Calhoun,
52,4,"""The One with the Metaphorical Tunnel""",Steve Zuckerman,465254,26.1,3,1996-10-10,Alexa Junge,
53,5,"""The One with Frank Jr.""",Steve Zuckerman,465255,23.25,3,1996-10-17,Shana Goldberg-Meehan,Scott Silveri
54,6,"""The One with the Flashback""",Peter Bonerz,465256,23.27,3,1996-10-31,David Crane,Marta Kauffman
55,7,"""The One with the Race Car Bed""",Gail Mancuso,465257,27.36,3,1996-11-07,Seth Kurland,
56,8,"""The One with the Giant Poking Device""",Gail Mancuso,465258,28.69,3,1996-11-14,Adam Chase,
57,9,"""The One with the Football""",Kevin S. Bright,465259,29.28,3,1996-11-21,Ira Ungerleider,
58,10,"""The One Where Rachel Quits""",Terry Hughes,465260,25.1,3,1996-12-12,Gregory S. Malins,Michael Curtis
59,11,"""The One Where Chandler Can't Remember Which Sister""",Terry Hughes,465261,29.8,3,1997-01-09,Alexa Junge,
60,12,"""The One with All the Jealousy""",Robby Benson,465262,29.61,3,1997-01-16,Doty Abrams,
61,13,"""The One Where Monica and Richard Are Just Friends""",Robby Benson,465265,28.03,3,1997-01-30,Michael Borkow,
62,14,"""The One with Phoebe's Ex-Partner""",Robby Benson,465266,28.91,3,1997-02-06,Wil Calhoun,
63,15,"""The One Where Ross and Rachel Take a Break""",James Burrows,465263,27.25,3,1997-02-13,Michael Borkow,
64,16,"""The One with the Morning After""",James Burrows,465264,28.26,3,1997-02-20,David Crane,Marta Kauffman
65,17,"""The One Without the Ski Trip""",Sam Simon,465267,25.84,3,1997-03-06,Shana Goldberg-Meehan,Scott Silveri
66,18,"""The One with the Hypnosis Tape""",Robby Benson,465269,28.07,3,1997-03-13,Seth Kurland,
67,19,"""The One with the Tiny T-Shirt""",Terry Hughes,465268,23.65,3,1997-03-27,Adam Chase,
68,20,"""The One with the Dollhouse""",Terry Hughes,465270,24.36,3,1997-04-10,Wil Calhoun,
69,21,"""The One with a Chick and a Duck""",Michael Lembeck,465271,23.22,3,1997-04-17,Chris Brown,
70,22,"""The One with the Screamer""",Peter Bonerz,465272,22.63,3,1997-04-24,Shana Goldberg-Meehan,Scott Silveri
71,23,"""The One with Ross's Thing""",Shelley Jensen,465274,24.17,3,1997-05-01,Ted Cohen,Andrew Reich
72,24,"""The One with the Ultimate Fighting Champion""",Robby Benson,465273,23.07,3,1997-05-08,Pang-Ni Landrum,Mark Kunerth
73,25,"""The One at the Beach""",Pamela Fryman,465275,23.39,3,1997-05-15,Pang-Ni Landrum,Mark Kunerth
74,1,"""The One with the Jellyfish""",Shelley Jensen,466601,29.43,4,1997-09-25,Wil Calhoun,
75,2,"""The One with the Cat""",Shelley Jensen,466602,25.54,4,1997-10-02,Jill Condon,Amy Toomin
76,3,"""The One with the Cuffs""",Peter Bonerz,466603,23.98,4,1997-10-09,Seth Kurland,
77,4,"""The One with the Ballroom Dancing""",Gail Mancuso,466604,24.31,4,1997-10-16,Ted Cohen,Andrew Reich
78,5,"""The One with Joey's New Girlfriend""",Gail Mancuso,466605,24.35,4,1997-10-30,Gregory S. Malins,Michael Curtis
79,6,"""The One with the Dirty Girl""",Shelley Jensen,466606,25.68,4,1997-11-06,Shana Goldberg-Meehan,Scott Silveri
80,7,"""The One Where Chandler Crosses the Line""",Kevin S. Bright,466607,26.35,4,1997-11-13,Adam Chase,
81,8,"""The One with Chandler in a Box""",Peter Bonerz,466608,26.76,4,1997-11-20,Michael Borkow,
82,9,"""The One Where They're Going to Party!""",Peter Bonerz,466609,23.89,4,1997-12-11,Ted Cohen,Andrew Reich
83,10,"""The One with the Girl from Poughkeepsie""",Gary Halvorson,466612,23.22,4,1997-12-18,Scott Silveri,
84,11,"""The One with Phoebe's Uterus""",David Steinberg,466610,23.66,4,1998-01-08,Seth Kurland,
85,12,"""The One with the Embryos""",Kevin S. Bright,466611,27.14,4,1998-01-15,Jill Condon,Amy Toomin
86,13,"""The One with Rachel's Crush""",Dana DeVally Piazza,466613,25.27,4,1998-01-29,Shana Goldberg-Meehan,
87,14,"""The One with Joey's Dirty Day""",Peter Bonerz,466614,25.08,4,1998-02-05,Wil Calhoun,
88,15,"""The One with All the Rugby""",James Burrows,466617,24.44,4,1998-02-26,Ted Cohen,Andrew Reich
89,16,"""The One with the Fake Party""",Michael Lembeck,466615,23.13,4,1998-03-19,Alicia Sky Varinaitis,
90,17,"""The One with the Free Porn""",Michael Lembeck,466616,23.22,4,1998-03-26,Mark Kunerth,
91,18,"""The One with Rachel's New Dress""",Gail Mancuso,466620,21.72,4,1998-04-02,Andrew Reich,Ted Cohen
92,19,"""The One with All the Haste""",Kevin S. Bright,466618,21.76,4,1998-04-09,Scott Silveri,Wil Calhoun
93,20,"""The One with All the Wedding Dresses""",Gail Mancuso,466621,21.94,4,1998-04-16,Adam Chase,
94,21,"""The One with the Invitation""",Peter Bonerz,466619,21.51,4,1998-04-23,Seth Kurland,
95,22,"""The One with the Worst Best Man Ever""",Peter Bonerz,466622,23.15,4,1998-04-30,Seth Kurland,
96,23,"""The One with Ross's Wedding""",Kevin S. Bright,466623,31.61,4,1998-05-07,Michael Borkow,
97,24,"""The One with Ross's Wedding""",Kevin S. Bright,466624,31.61,4,1998-05-07,Jill Condon,Amy Toomin
98,1,"""The One After Ross Says Rachel""",Kevin S. Bright,467651,31.12,5,1998-09-24,Seth Kurland,
99,2,"""The One with All the Kissing""",Gary Halvorson,467652,25.36,5,1998-10-01,Wil Calhoun,
100,3,"""The One Hundredth""",Kevin S. Bright,467653,26.82,5,1998-10-08,David Crane,Marta Kauffman
101,4,"""The One Where Phoebe Hates PBS""",Shelley Jensen,467654,24.09,5,1998-10-15,Michael Curtis,
102,5,"""The One with the Kips""",Dana DeVally Piazza,467655,25.87,5,1998-10-29,Scott Silveri,
103,6,"""The One with the Yeti""",Gary Halvorson,467656,24.99,5,1998-11-05,Alexa Junge,
104,7,"""The One Where Ross Moves In""",Gary Halvorson,467657,24.44,5,1998-11-12,Gigi McCreery,Perry Rein
105,8,"""The One with the Thanksgiving Flashbacks""",Kevin S. Bright,467659,23.92,5,1998-11-19,Gregory S. Malins,
106,9,"""The One with Ross's Sandwich""",Gary Halvorson,467658,23.03,5,1998-12-10,Ted Cohen,Andrew Reich
107,10,"""The One with the Inappropriate Sister""",Dana DeVally Piazza,467661,23.67,5,1998-12-17,Shana Goldberg-Meehan,
108,11,"""The One with All the Resolutions""",Joe Regalbuto,467660,27.02,5,1999-01-07,Brian Boyle,
109,12,"""The One with Chandler's Work Laugh""",Kevin S. Bright,467663,24.82,5,1999-01-21,Alicia Sky Varinaitis,
110,13,"""The One with Joey's Bag""",Gail Mancuso,467662,24.92,5,1999-02-04,Michael Curtis,
111,14,"""The One Where Everybody Finds Out""",Michael Lembeck,467664,27.7,5,1999-02-11,Alexa Junge,
112,15,"""The One with the Girl Who Hits Joey""",Kevin S. Bright,467665,29.31,5,1999-02-18,Adam Chase,
113,16,"""The One with the Cop""",Andrew Tsao,467666,26.02,5,1999-02-25,Alicia Sky Varinaitis,
114,17,"""The One with Rachel's Inadvertent Kiss""",Shelley Jensen,467667,24.48,5,1999-03-18,Andrew Reich,Ted Cohen
115,18,"""The One Where Rachel Smokes""",Todd Holland,467668,21.88,5,1999-04-08,Michael Curtis,
116,19,"""The One Where Ross Can't Flirt""",Gail Mancuso,467669,20.85,5,1999-04-22,Doty Abrams,
117,20,"""The One with the Ride-Along""",Gary Halvorson,467670,19.63,5,1999-04-29,Shana Goldberg-Meehan,Seth Kurland
118,21,"""The One with the Ball""",Gary Halvorson,467671,20.92,5,1999-05-06,Scott Silveri,
119,22,"""The One with Joey's Big Break""",Gary Halvorson,467672,21.28,5,1999-05-13,Shana Goldberg-Meehan,
120,23,"""The One in Vegas""",Kevin S. Bright,467673,25.9,5,1999-05-20,Ted Cohen,Andrew Reich
121,24,"""The One in Vegas""",Kevin S. Bright,467674,25.9,5,1999-05-20,Gregory S. Malins,Scott Silveri
122,1,"""The One After Vegas""",Kevin S. Bright,225551,27.74,6,1999-09-23,Adam Chase,
123,2,"""The One Where Ross Hugs Rachel""",Gail Mancuso,225552,22.95,6,1999-09-30,Shana Goldberg-Meehan,
124,3,"""The One with Ross's Denial""",Gary Halvorson,225553,21.6,6,1999-10-07,Seth Kurland,
125,4,"""The One Where Joey Loses His Insurance""",Gary Halvorson,225554,21.07,6,1999-10-14,Andrew Reich,Ted Cohen
126,5,"""The One with Joey's Porsche""",Gary Halvorson,225555,22.39,6,1999-10-21,Perry Rein,Gigi McCreery
127,6,"""The One on the Last Night""",David Schwimmer,225556,23.59,6,1999-11-04,Scott Silveri,
128,7,"""The One Where Phoebe Runs""",Gary Halvorson,225557,22.75,6,1999-11-11,Sherry Bilsing-Graham,Ellen Plummer
129,8,"""The One with Ross's Teeth""",Gary Halvorson,225558,22.14,6,1999-11-18,Andrew Reich,Ted Cohen
130,9,"""The One Where Ross Got High""",Kevin S. Bright,225559,19.17,6,1999-11-25,Gregory S. Malins,
131,10,"""The One with the Routine""",Kevin S. Bright,225561,22.43,6,1999-12-16,Brian Boyle,
132,11,"""The One with the Apothecary Table""",Kevin S. Bright,225560,22.26,6,2000-01-06,Zachary Rosenblatt,
133,12,"""The One with the Joke""",Gary Halvorson,225562,22.33,6,2000-01-13,Shana Goldberg-Meehan,
134,13,"""The One with Rachel's Sister""",Gary Halvorson,225563,24.14,6,2000-02-03,Seth Kurland,
135,14,"""The One Where Chandler Can't Cry""",Kevin S. Bright,225564,23.82,6,2000-02-10,Andrew Reich,Ted Cohen
136,15,"""The One That Could Have Been""",Michael Lembeck,225565,25.89,6,2000-02-17,Gregory S. Malins,Adam Chase
137,16,"""The One That Could Have Been""",Michael Lembeck,225566,25.89,6,2000-02-17,David Crane,Marta Kauffman
138,17,"""The One with Unagi""",Gary Halvorson,225568,22.21,6,2000-02-24,Zachary Rosenblatt,
139,18,"""The One Where Ross Dates a Student""",Gary Halvorson,225567,20.52,6,2000-03-09,Seth Kurland,
140,19,"""The One with Joey's Fridge""",Ben Weiss,225569,21.46,6,2000-03-23,Seth Kurland,
141,20,"""The One with Mac and C.H.E.E.S.E.""",Kevin S. Bright,225575,18.81,6,2000-04-13,Doty Abrams,
142,21,"""The One Where Ross Meets Elizabeth's Dad""",Michael Lembeck,225570,20.63,6,2000-04-27,David J. Lagana,
143,22,"""The One Where Paul's the Man""",Gary Halvorson,225571,20.01,6,2000-05-04,Brian Caldirola,
144,23,"""The One with the Ring""",Gary Halvorson,225572,20.87,6,2000-05-11,Ted Cohen,Andrew Reich
145,24,"""The One with the Proposal""",Kevin S. Bright,225573,30.73,6,2000-05-18,Shana Goldberg-Meehan,Scott Silveri
146,25,"""The One with the Proposal""",Kevin S. Bright,225574,30.73,6,2000-05-18,Andrew Reich,Ted Cohen
147,1,"""The One with Monica's Thunder""",Kevin S. Bright,226401,25.54,7,2000-10-12,Wil Calhoun,
148,2,"""The One with Rachel's Book""",Michael Lembeck,226402,27.93,7,2000-10-12,Andrew Reich,Ted Cohen
149,3,"""The One with Phoebe's Cookies""",Gary Halvorson,226405,22.72,7,2000-10-19,Sherry Bilsing,Ellen Plummer
150,4,"""The One with Rachel's Assistant""",David Schwimmer,226403,22.66,7,2000-10-26,Brian Boyle,
151,5,"""The One with the Engagement Picture""",Gary Halvorson,226404,24.43,7,2000-11-02,Earl Davis,
152,6,"""The One with the Nap Partners""",Gary Halvorson,226406,22.01,7,2000-11-09,Brian Buckner,Sebastian Jones
153,7,"""The One with Ross's Library Book""",David Schwimmer,226410,23.73,7,2000-11-16,Scott Silveri,
154,8,"""The One Where Chandler Doesn't Like Dogs""",Kevin S. Bright,226407,16.57,7,2000-11-23,Patty Lin,
155,9,"""The One with All the Candy""",David Schwimmer,226408,21.08,7,2000-12-07,Wil Calhoun,
156,10,"""The One with the Holiday Armadillo""",Gary Halvorson,226409,23.26,7,2000-12-14,Gregory S. Malins,
157,11,"""The One with All the Cheesecakes""",Gary Halvorson,226412,24.37,7,2001-01-04,Shana Goldberg-Meehan,
158,12,"""The One Where They're Up All Night""",Kevin S. Bright,226413,22.86,7,2001-01-11,Zack Rosenblatt,
159,13,"""The One Where Rosita Dies""†",Stephen Prime,226415,22.24,7,2001-02-01,Ellen Plummer,Sherry Bilsing
160,14,"""The One Where They All Turn Thirty""†",Ben Weiss,226411,22.4,7,2001-02-08,Vanessa McCarthy,
161,15,"""The One with Joey's New Brain""†",Kevin S. Bright,226416,21.75,7,2001-02-15,Sherry Bilsing,Ellen Plummer
162,16,"""The One with the Truth About London""†",David Schwimmer,226417,21.22,7,2001-02-22,Brian Buckner,Sebastian Jones
163,17,"""The One with the Cheap Wedding Dress""",Kevin S. Bright,226414,20.84,7,2001-03-15,Brian Buckner,Sebastian Jones
164,18,"""The One with Joey's Award""",Gary Halvorson,226418,17.81,7,2001-03-29,Sherry Bilsing,Ellen Plummer
165,19,"""The One with Ross and Monica's Cousin""",Gary Halvorson,226421,16.55,7,2001-04-19,Andrew Reich,Ted Cohen
166,20,"""The One with Rachel's Big Kiss""",Gary Halvorson,226419,16.3,7,2001-04-26,Scott Silveri,Shana Goldberg-Meehan
167,21,"""The One with the Vows""",Gary Halvorson,226424,15.65,7,2001-05-03,Doty Abrams,
168,22,"""The One with Chandler's Dad""",Kevin S. Bright & Gary Halvorson,226420,17.23,7,2001-05-10,Gregory S. Malins,
169,23,"""The One with Monica and Chandler's Wedding""",Kevin S. Bright,226422,30.05,7,2001-05-17,Gregory S. Malins,
170,24,"""The One with Monica and Chandler's Wedding""",Kevin S. Bright,226423,30.05,7,2001-05-17,Marta Kauffman,David Crane
171,1,"""The One After 'I Do'""",Kevin S. Bright,227401,31.7,8,2001-09-27,David Crane,Marta Kauffman
172,2,"""The One with the Red Sweater""",David Schwimmer,227402,30.04,8,2001-10-04,Dana Klein Borkow,
173,3,"""The One Where Rachel Tells...""",Sheldon Epps,227403,29.2,8,2001-10-11,Sherry Bilsing,Ellen Plummer
174,4,"""The One with the Videotape""",Kevin S. Bright,227406,25.58,8,2001-10-18,Scott Silveri,
175,5,"""The One with Rachel's Date""",Gary Halvorson,227404,25.64,8,2001-10-25,Brian Buckner,Sebastian Jones
176,6,"""The One with the Halloween Party""",Gary Halvorson,227405,26.96,8,2001-11-01,Mark Kunerth,
177,7,"""The One with the Stain""",Kevin S. Bright,227407,24.24,8,2001-11-08,R. Lee Fleming Jr.,
178,8,"""The One with the Stripper""",David Schwimmer,227408,26.54,8,2001-11-15,Andrew Reich,Ted Cohen
179,9,"""The One with the Rumor""",Gary Halvorson,227410,24.24,8,2001-11-22,Shana Goldberg-Meehan,
180,10,"""The One with Monica's Boots""",Kevin S. Bright,227409,22.44,8,2001-12-06,Robert Carlock,
181,11,"""The One with Ross's Step Forward""",Gary Halvorson,227411,23.85,8,2001-12-13,Robert Carlock,
182,12,"""The One Where Joey Dates Rachel""",David Schwimmer,227412,25.53,8,2002-01-10,Sherry Bilsing-Graham,Ellen Plummer
183,13,"""The One Where Chandler Takes a Bath""",Ben Weiss,227413,29.24,8,2002-01-17,Vanessa McCarthy,
184,14,"""The One with the Secret Closet""",Kevin S. Bright,227414,28.64,8,2002-01-31,Brian Buckner,Sebastian Jones
185,15,"""The One with the Birthing Video""",Kevin S. Bright,227415,28.64,8,2002-02-07,Dana Klein Borkow,
186,16,"""The One Where Joey Tells Rachel""",Ben Weiss,227416,27.52,8,2002-02-28,Andrew Reich,Ted Cohen
187,17,"""The One with the Tea Leaves""",Gary Halvorson,227417,26.3,8,2002-03-07,R. Lee Fleming Jr.,
188,18,"""The One in Massapequa""",Gary Halvorson,227418,22.05,8,2002-03-28,Peter Tibbals,
189,19,"""The One with Joey's Interview""",Gary Halvorson,227424,22.59,8,2002-04-04,Doty Abrams,
190,20,"""The One with the Baby Shower""",Kevin S. Bright,227421,22.24,8,2002-04-25,Sherry Bilsing-Graham,Ellen Plummer
191,21,"""The One with the Cooking Class""",Gary Halvorson,227419,23.97,8,2002-05-02,Dana Klein Borkow,
192,22,"""The One Where Rachel Is Late""",Gary Halvorson,227420,24.32,8,2002-05-09,Shana Goldberg-Meehan,
193,23,"""The One Where Rachel Has a Baby""",Kevin S. Bright,227422,34.91,8,2002-05-16,Scott Silveri,
194,24,"""The One Where Rachel Has a Baby""",Kevin S. Bright,227423,34.91,8,2002-05-16,Marta Kauffman,David Crane
195,1,"""The One Where No One Proposes""",Kevin S. Bright,175251,34.01,9,2002-09-26,Sherry Bilsing-Graham,Ellen Plummer
196,2,"""The One Where Emma Cries""",Sheldon Epps,175252,28.93,9,2002-10-03,Dana Klein Borkow,
197,3,"""The One with the Pediatrician""",Roger Christiansen,175254,26.63,9,2002-10-10,Brian Buckner,Sebastian Jones
198,4,"""The One with the Sharks""",Ben Weiss,175253,25.81,9,2002-10-17,Andrew Reich,Ted Cohen
199,5,"""The One with Phoebe's Birthday Dinner""",David Schwimmer,175255,24.46,9,2002-10-31,Scott Silveri,
200,6,"""The One with the Male Nanny""†",Kevin S. Bright,175256,27.51,9,2002-11-07,David Crane,Marta Kauffman
201,7,"""The One with Ross's Inappropriate Song""",Gary Halvorson,175257,25.35,9,2002-11-14,Robert Carlock,
202,8,"""The One with Rachel's Other Sister""",Kevin S. Bright,175258,26.76,9,2002-11-21,Shana Goldberg-Meehan,
203,9,"""The One with Rachel's Phone Number""",Ben Weiss,175259,25.43,9,2002-12-05,Mark Kunerth,
204,10,"""The One with Christmas in Tulsa""",Kevin S. Bright,175260,22.29,9,2002-12-12,Doty Abrams,
205,11,"""The One Where Rachel Goes Back to Work""",Gary Halvorson,175261,23.67,9,2003-01-09,Judd Rubin,
206,12,"""The One with Phoebe's Rats""",Ben Weiss,175262,23.66,9,2003-01-16,Dana Klein Borkow,
207,13,"""The One Where Monica Sings""†",Gary Halvorson,175263,25.82,9,2003-01-30,Sherry Bilsing-Graham,Ellen Plummer
208,14,"""The One with the Blind Dates""",Gary Halvorson,175265,23.37,9,2003-02-06,Sherry Bilsing-Graham,Ellen Plummer
209,15,"""The One with the Mugging""",Gary Halvorson,175264,20.85,9,2003-02-13,Peter Tibbals,
210,16,"""The One with the Boob Job""",Gary Halvorson,175266,19.52,9,2003-02-20,Mark Kunerth,
211,17,"""The One with the Memorial Service""",Gary Halvorson,175267,21.0,9,2003-03-13,Robert Carlock,
212,18,"""The One with the Lottery""",Gary Halvorson,175268,20.79,9,2003-04-03,Brian Buckner,Sebastian Jones
213,19,"""The One with Rachel's Dream""",Terry Hughes,175269,18.24,9,2003-04-17,Dana Klein Borkow,
214,20,"""The One with the Soap Opera Party""",Sheldon Epps,175270,20.71,9,2003-04-24,Shana Goldberg-Meehan,
215,21,"""The One with the Fertility Test""†",Gary Halvorson,175271,19.03,9,2003-05-01,Scott Silveri,
216,22,"""The One with the Donor""",Ben Weiss,175272,19.55,9,2003-05-08,Andrew Reich,Ted Cohen
217,23,"""The One in Barbados""",Kevin S. Bright,175273,25.46,9,2003-05-15,Shana Goldberg-Meehan,Scott Silveri
218,24,"""The One in Barbados""",Kevin S. Bright,175274,25.46,9,2003-05-15,Marta Kauffman,David Crane
219,1,"""The One After Joey and Rachel Kiss""",Kevin S. Bright,176251,24.54,10,2003-09-25,Andrew Reich,Ted Cohen
220,2,"""The One Where Ross Is Fine""",Ben Weiss,176252,22.37,10,2003-10-02,Sherry Bilsing-Graham,Ellen Plummer
221,3,"""The One with Ross's Tan""",Gary Halvorson,176253,21.87,10,2003-10-09,Brian Buckner,
222,4,"""The One with the Cake""",Gary Halvorson,176254,18.77,10,2003-10-23,Robert Carlock,
223,5,"""The One Where Rachel's Sister Babysits""",Roger Christiansen,176255,19.37,10,2003-10-30,Dana Klein Borkow,
224,6,"""The One with Ross's Grant""",Ben Weiss,176256,20.38,10,2003-11-06,Sebastian Jones,
225,7,"""The One with the Home Study""",Kevin S. Bright,176257,20.21,10,2003-11-13,Mark Kunerth,
226,8,"""The One with the Late Thanksgiving""",Gary Halvorson,176259,20.66,10,2003-11-20,Shana Goldberg-Meehan,
227,9,"""The One with the Birth Mother""",David Schwimmer,176258,25.49,10,2004-01-08,Scott Silveri,
228,10,"""The One Where Chandler Gets Caught""",Gary Halvorson,176268,26.68,10,2004-01-15,Doty Abrams,
229,11,"""The One Where the Stripper Cries""",Kevin S. Bright,176260,24.91,10,2004-02-05,David Crane,Marta Kauffman
230,12,"""The One with Phoebe's Wedding""",Kevin S. Bright,176262,25.9,10,2004-02-12,Robert Carlock,Dana Klein Borkow
231,13,"""The One Where Joey Speaks French""",Gary Halvorson,176261,24.27,10,2004-02-19,Sherry Bilsing-Graham,Ellen Plummer
232,14,"""The One with Princess Consuela""",Gary Halvorson,176263,22.83,10,2004-02-26,Robert Carlock,
233,15,"""The One Where Estelle Dies""",Gary Halvorson,176264,22.64,10,2004-04-22,Mark Kunerth,
234,16,"""The One with Rachel's Going Away Party""",Gary Halvorson,176265,24.51,10,2004-04-29,Andrew Reich,Ted Cohen
235,17,"""The Last One""",Kevin S. Bright,176266,52.46,10,2004-05-06,Marta Kauffman,David Crane
236,18,"""The Last One""",Kevin S. Bright,176267,52.46,10,2004-05-06,Marta Kauffman,David Crane
